row,pixel,A,B,R,v
0,0,0.380093742216,0.204936966834,1.63857293292,0.0645363079502
0,1,0.375744137607,0.20607228841,1.61366229395,0.0680051152975
0,2,0.371000474408,0.269164622377,1.32361408176,0.0777929166867
0,3,0.370883277086,0.213158385403,1.55839282914,0.0824703749678
0,4,0.366241800371,0.172715623885,1.74830873795,0.0901168825527
0,5,0.369689837136,0.243130262211,1.42113440758,0.084755919474
0,6,0.365944651012,0.370261214662,0.988334865499,0.0815811795378
0,7,0.361799474982,0.321256183858,1.11690302909,0.0771712833371
0,8,0.362143498608,0.317517815854,1.12947198984,0.0796102445635
0,9,0.363861302431,0.390110846292,0.93109854939,0.0781894380945
0,10,0.366412005903,0.403927906658,0.902910043154,0.0744738741035
0,11,0.365578262736,0.305239911877,1.17925749526,0.0725013264385
0,12,0.369431486283,0.206495242636,1.58414719859,0.0725194965172
0,13,0.368383710917,0.131285151673,2.03316864314,0.0780711198584
0,14,0.370274455502,0.428876930463,0.85211484007,0.0768541315705
0,15,0.370822797973,0.328622366929,1.12178555788,0.073592702022
0,16,0.369899462973,0.46075330996,0.779159149204,0.0717269520104
0,17,0.368809923623,0.458246585565,0.78232408801,0.0660066400977
0,18,0.371301416049,0.467513961139,0.767431636977,0.0679544550887
0,19,0.371300674197,0.304670088448,1.19963062332,0.0655214219015
0,20,0.369178085862,0.346477589968,1.06368542291,0.0692981898595
0,21,0.370671081818,0.29394019324,1.23370554667,0.0709716741449
0,22,0.367118499976,0.423350329369,0.857779127864,0.0616416621506
0,23,0.371184040979,0.518662115891,0.662426537251,0.0616379239633
0,24,0.372167341309,0.3423836512,1.08438963366,0.0592319743288
0,25,0.366909556269,0.355651981308,1.03108065501,0.05872280309
0,26,0.369124856577,0.452947259277,0.794665294181,0.0632661475839
0,27,0.369180031719,0.464546424404,0.769409130995,0.0615016321134
0,28,0.374005178631,0.40789973469,0.911791541354,0.064696864037
0,29,0.374243747519,0.409441101398,0.90854562518,0.0575023110569
0,30,0.372433406603,0.1938058926,1.66133755828,0.0662630489559
0,31,0.372498279137,0.347120596009,1.07145167199,0.0644466382126
0,32,0.374035192858,0.294678444637,1.24248916157,0.0705293468452
0,33,0.377090367062,0.339212668629,1.10854180054,0.0692264887234
0,34,0.381714606651,0.341364132273,1.11600619277,0.0610816167785
0,35,0.383837524529,0.446101307197,0.843006702945,0.0623869670199
0,36,0.377753366737,0.276034704707,1.32225010617,0.0667607875429
0,37,0.384440053921,0.323307730505,1.18116022883,0.0686260400987
0,38,0.384148553541,0.463287635773,0.804208540415,0.0661176660517
0,39,0.388452451736,0.342589849009,1.13286683104,0.0690332897673
0,40,0.390521390306,0.386886819797,1.00994450991,0.0662807561081
0,41,0.391816420151,0.278146604093,1.36569800701,0.0685321773197
0,42,0.394754118861,0.195766809339,1.75453983446,0.0731799723479
0,43,0.393438486454,0.217097999572,1.63738893477,0.0658756471852
0,44,0.398814758172,0.279057116133,1.38844423908,0.0590853990284
0,45,0.40101670537,0.244492902318,1.54152188114,0.0641721124314
0,46,0.399462142091,0.329588283448,1.20953263483,0.0668350530098
0,47,0.402993673218,0.288674755677,1.36708581357,0.0677764902118
0,48,0.401738547255,0.333489781759,1.20416524969,0.0601539942111
0,49,0.402178649237,0.232408160591,1.60207048473,0.0607347476688
0,50,0.402515585093,0.160342610324,2.01142776815,0.064783421359
0,51,0.400423652748,0.316264215426,1.25779811909,0.0650485091247
0,52,0.399777958777,0.319430483469,1.24471898398,0.0622381682853
0,53,0.398016837399,0.339658145187,1.17210612213,0.0692782758019
0,54,0.400462599332,0.317997872395,1.25195813708,0.0655515673548
0,55,0.398302179414,0.182446073742,1.84814636788,0.0668283276772
0,56,0.395244660596,0.166065665083,1.93414639674,0.0726762677358
0,57,0.39646339448,0.215369281933,1.65958530714,0.0735728641414
0,58,0.394064390895,0.261743401571,1.43935963314,0.0773269033485
0,59,0.394605611863,0.317414821373,1.23409473533,0.0744422072891
0,60,0.390886197754,0.170153607096,1.88542584332,0.0776315992338
0,61,0.394666360193,0.267267428469,1.41925878999,0.0850764881546
0,62,0.400157496792,0.188518060206,1.82177837006,0.0831214406151
0,63,0.395714219548,0.209685636978,1.68504820411,0.0863163094429
0,64,0.396927813624,0.178070289926,1.86750578173,0.0769517679614
0,65,0.397429364724,0.09678502913,2.53079726192,0.0848012873847
0,66,0.399442393988,0.219139730271,1.65421089452,0.0827496116799
0,67,0.39722314358,0.143145055989,2.10547725423,0.0834855389754
0,68,0.395041794822,0.236316079387,1.55323150019,0.0834574721039
0,69,0.395293131968,0.245795835002,1.51191915969,0.0777824750716
0,70,0.394946068289,0.225120499099,1.60506969091,0.0765003959161
0,71,0.396532611836,0.154787305894,2.01698312596,0.0764483514302
0,72,0.395968872908,0.268788263397,1.4181815977,0.0791729728663
0,73,0.396665469068,0.283575755092,1.3629585479,0.0754428808037
0,74,0.392616203503,0.219794335163,1.62052217621,0.0790338160233
0,75,0.391704449695,0.331500682754,1.17805083458,0.0741793402784
0,76,0.393443057012,0.168567436165,1.90864414973,0.0749245857051
0,77,0.395187418257,0.281481571289,1.36546200144,0.0656940697695
0,78,0.393955665051,0.284193401517,1.35059308062,0.0722391194961
0,79,0.395893142585,0.201243922672,1.73021651405,0.07394096637
0,80,0.395711040339,0.340840068339,1.16101343312,0.0685623387951
0,81,0.393989512556,0.442308957647,0.875799337226,0.0729972097167
0,82,0.39445963538,0.281962619261,1.36092069278,0.0718178564085
0,83,0.394183968618,0.296732026048,1.30505619034,0.0698949875505
0,84,0.390511445603,0.208721404906,1.66623230838,0.0703236751304
0,85,0.388426333208,0.410741133302,0.940930012533,0.0700115652579
0,86,0.385254769781,0.268745542372,1.3775642945,0.072734043388
0,87,0.385502961617,0.2455206098,1.47331614627,0.0651892430278
0,88,0.384532787933,0.253337671206,1.43663737938,0.0703697545298
0,89,0.380499211207,0.344185175472,1.10380552949,0.0702935831167
0,90,0.382661912105,0.281453331562,1.31978359574,0.062774861095
0,91,0.380921022867,0.234909039713,1.5008413947,0.0639018938821
0,92,0.376343339122,0.259870531845,1.37893785171,0.0723272308567
0,93,0.370445931215,0.345524298412,1.07013210431,0.0673662894309
0,94,0.371224955896,0.237858466634,1.44919898616,0.0764968095408
0,95,0.372121025799,0.266279053534,1.33855545979,0.0711761891837
0,96,0.369239578327,0.303594829946,1.19647676231,0.0727574425544
0,97,0.367870249669,0.226109550937,1.48669851273,0.0776182209619
0,98,0.365034853826,0.25386284476,1.36040110706,0.0836605137551
0,99,0.365873077737,0.541669290015,0.60976495461,0.0743300445481
1,0,0.377428334964,0.297668902242,1.24364234704,0.0688844887613
1,1,0.374487797378,0.230377760643,1.49464545737,0.0785732889067
1,2,0.369177605214,0.166832941505,1.79709269191,0.0850863574264
1,3,0.367719520307,0.262328384691,1.33757659904,0.0833528688043
1,4,0.366785725378,0.172347574277,1.75302251313,0.0815350187764
1,5,0.365359365188,0.203759795212,1.57995309655,0.0895981235633
1,6,0.365239857899,0.211013520488,1.54470962115,0.0781388986539
1,7,0.360127344691,0.252120484032,1.34911531022,0.0823282085417
1,8,0.360107386446,0.291178580434,1.20802359811,0.0849189398361
1,9,0.362884786502,0.208502041382,1.5466637276,0.0816990029982
1,10,0.364540348931,0.215691489521,1.52004634273,0.0792039307098
1,11,0.365734492996,0.238841744309,1.42362923594,0.0776259316944
1,12,0.366999139755,0.2461362496,1.39851949827,0.0758612937056
1,13,0.366271971997,0.0982767206753,2.30985295579,0.0807772526724
1,14,0.363038444701,0.118729899278,2.10304603192,0.077712619824
1,15,0.366412505598,0.331993117427,1.09825295393,0.0679183695013
1,16,0.370367363727,0.161532760197,1.83541822631,0.0787016114425
1,17,0.369886135443,0.352650585448,1.04797849243,0.0728376013727
1,18,0.367801362922,0.175812061051,1.73797078564,0.0665345486233
1,19,0.368651034242,0.244033150883,1.41341259617,0.0657439282881
1,20,0.369173529759,0.290490568952,1.24054035641,0.0683317586622
1,21,0.369594762532,0.263849352413,1.33860401219,0.0691816697183
1,22,0.369895925189,0.321492159948,1.14101939423,0.0681269238052
1,23,0.36666188419,0.168999205497,1.77198685937,0.0601423329245
1,24,0.367467004991,0.406984372519,0.897973192573,0.0561774173564
1,25,0.366411373971,0.264262788696,1.32551106513,0.0719087396762
1,26,0.367651884066,0.254595994476,1.36723134336,0.06318323446
1,27,0.369702799592,0.251651731288,1.38656456244,0.0668877988123
1,28,0.369698184042,0.263100262535,1.34183759999,0.0674465814553
1,29,0.371628249792,0.216833191126,1.5442840308,0.069837006152
1,30,0.368136616858,0.329087339928,1.11220933975,0.0709142859369
1,31,0.37429844535,0.131806872358,2.06208788843,0.0689816977575
1,32,0.373347858411,0.301815853036,1.21587886602,0.0694088160378
1,33,0.373482633118,0.164211858907,1.83432594938,0.0699868858939
1,34,0.37873378487,0.204501292505,1.63471567841,0.0666717155833
1,35,0.380792485792,0.281447906925,1.31310924177,0.0632991353831
1,36,0.379758270513,0.293541703029,1.26596755568,0.0681766039707
1,37,0.382235328629,0.314206932768,1.203785835,0.0645066468526
1,38,0.382288088325,0.359076599898,1.06514142814,0.0710852466222
1,39,0.384616195032,0.21967768509,1.5861633314,0.0716755284792
1,40,0.388033712496,0.135545870219,2.111041684,0.0812460960956
1,41,0.38898617296,0.219688391903,1.60509077413,0.0681547261701
1,42,0.390847758682,0.293963940419,1.30322519109,0.0777985430244
1,43,0.391746349724,0.273846304027,1.38206380594,0.0749115831345
1,44,0.395994701756,0.219337968296,1.637754867,0.0635781365445
1,45,0.395028136451,0.348323036608,1.13547255694,0.0637512533572
1,46,0.398046058659,0.303076132089,1.29590465848,0.0657850466362
1,47,0.398389031351,0.222701909129,1.63194418755,0.0730241023953
1,48,0.3983802585,0.139377064103,2.14111582902,0.066166587494
1,49,0.401737783806,0.0879726419758,2.66540298691,0.0657661319483
1,50,0.40325895883,0.306486572252,1.30214945607,0.0651788291539
1,51,0.396068899384,0.356830481167,1.11264420723,0.062289429784
1,52,0.393944882909,0.390940430756,1.00821840817,0.0631424629223
1,53,0.39395503849,0.344768363253,1.14316839418,0.0636383801319
1,54,0.399140819194,0.323947364341,1.22726907818,0.0665937637975
1,55,0.395026290229,0.310751169005,1.25835385827,0.0667633806098
1,56,0.391034029773,0.21782680925,1.62312970177,0.0740507956541
1,57,0.391930599045,0.385376344728,1.01800462948,0.0681230108311
1,58,0.389282609135,0.178739103876,1.82503429823,0.0748188760352
1,59,0.391358144129,0.344307800285,1.13653415701,0.0795079284085
1,60,0.394354179624,0.20171610215,1.72045562261,0.0780604533243
1,61,0.387625285303,0.246503150246,1.47763703586,0.0781230457912
1,62,0.392181941944,0.255819138533,1.45645485153,0.0720177531334
1,63,0.392513071761,0.326380367024,1.197293886,0.0759124591373
1,64,0.397834075724,0.372981145867,1.06998560756,0.0736595326136
1,65,0.394865932239,0.379112703481,1.04381443185,0.0778469938302
1,66,0.392352548362,0.352832356441,1.11347625723,0.0813362045151
1,67,0.389461389782,0.352037215877,1.10713557651,0.0735056614015
1,68,0.395441757847,0.348541740148,1.13607683131,0.0770383749116
1,69,0.396284446168,0.230713886067,1.58442139137,0.0750724963713
1,70,0.394845678851,0.35001193034,1.12970290942,0.0669863492863
1,71,0.391330859513,0.188010430803,1.78134136656,0.0745954405183
1,72,0.392788856935,0.222684891281,1.60730311409,0.0818425118239
1,73,0.387706587598,0.395480364283,0.979047844714,0.0731619673206
1,74,0.390948033091,0.335267216063,1.16359661165,0.0753795900697
1,75,0.390151084857,0.315706418433,1.22494322377,0.0747311577251
1,76,0.394026021038,0.257538328146,1.45659926269,0.0735384493783
1,77,0.394083762831,0.271268483234,1.40104996708,0.0700864955313
1,78,0.39333543241,0.281793912313,1.35739946918,0.0736309504682
1,79,0.39164131305,0.3270837856,1.19215738689,0.0612500113662
1,80,0.39343029222,0.339016018277,1.15957155688,0.0635970735873
1,81,0.391140707988,0.332478730423,1.17310489453,0.0628857006178
1,82,0.3920331508,0.192863040309,1.75753885155,0.0644181672534
1,83,0.388691824437,0.309603512951,1.24074275736,0.0708701448525
1,84,0.389959101094,0.329920322429,1.17753881804,0.0635940825476
1,85,0.384472899637,0.202523933838,1.67060081689,0.0643912703565
1,86,0.382539148441,0.281686261232,1.31848200719,0.066552205943
1,87,0.381697271586,0.312407264562,1.2079892296,0.0633290443605
1,88,0.379049637331,0.493063326707,0.72892106581,0.064232332795
1,89,0.37804853264,0.45306026623,0.813923625301,0.065489016103
1,90,0.380638458531,0.220746353053,1.56406739701,0.0622206150539
1,91,0.373209755708,0.408976041261,0.907148331906,0.0655727423042
1,92,0.370284849713,0.276848070621,1.29271138565,0.0670728058793
1,93,0.370651530802,0.278277889122,1.28881025498,0.0659662266555
1,94,0.367558269974,0.404202066898,0.905049876202,0.0721398708784
1,95,0.374107133707,0.396027026425,0.942087580889,0.0737277920171
1,96,0.368655419407,0.505432021453,0.683782529693,0.0719848189432
1,97,0.365251311109,0.318070084364,1.13732928927,0.0784819703636
1,98,0.364244417334,0.387594405086,0.938476610473,0.0776605597957
1,99,0.36638762603,0.261924499775,1.33427725864,0.0795846259407
2,0,0.37971894544,0.185741337172,1.73846809279,0.0836190037408
2,1,0.372012651906,0.18225301028,1.72159404711,0.0840268530475
2,2,0.370963595737,0.216522696983,1.54294138502,0.0849363784505
2,3,0.36729786208,0.187900455497,1.66920202576,0.0823089095806
2,4,0.367217895815,0.131569997139,2.02457227298,0.0830708608681
2,5,0.366386042436,0.135454587132,1.99101989251,0.0826405688243
2,6,0.36533994405,0.272267850089,1.29201913091,0.0848574402565
2,7,0.361905963158,0.254479357688,1.34649230351,0.0812447832208
2,8,0.360445046635,0.195808621165,1.59799325598,0.0789032003562
2,9,0.361183642854,0.208704673781,1.53857340929,0.0856128243892
2,10,0.362781482977,0.211635654581,1.53151737896,0.0743049639275
2,11,0.365483126305,0.278544681521,1.26987793189,0.0799936794769
2,12,0.370625984482,0.1657827375,1.81054425248,0.0730559606668
2,13,0.364442932435,0.281770800304,1.2548838374,0.0775623724
2,14,0.364973128062,0.274459586583,1.28277684592,0.0757504408332
2,15,0.367918182067,0.179079146921,1.72010854211,0.0708596989014
2,16,0.369156018265,0.130986607126,2.03972598992,0.068382575743
2,17,0.370725760572,0.244647812328,1.41887129913,0.075244760172
2,18,0.371555636817,0.233107011138,1.47088314175,0.076285208764
2,19,0.370098653731,0.260390553357,1.35371432168,0.0670392374395
2,20,0.371096151979,0.231860850578,1.47445435057,0.0692450454805
2,21,0.368601640395,0.293275712774,1.22905255144,0.0660080741057
2,22,0.368196966033,0.209545123663,1.56416565899,0.06532393408
2,23,0.370355429105,0.306783467372,1.18959274933,0.0655018971989
2,24,0.374475197598,0.33771893162,1.10518067798,0.0665883268607
2,25,0.369543877331,0.249908721239,1.39294758992,0.0737168022769
2,26,0.372358998484,0.351356125935,1.05876942138,0.0655129698175
2,27,0.371738054886,0.343919676671,1.07860146196,0.0639092636034
2,28,0.371102376349,0.324013916628,1.13688551441,0.0634138474784
2,29,0.370681650311,0.275237540265,1.29998549007,0.0631830442406
2,30,0.370873220981,0.233711766543,1.46554493559,0.0644692205943
2,31,0.373173770832,0.2555939968,1.3839400321,0.068206604859
2,32,0.373883772758,0.16816671773,1.81213738871,0.0679941605199
2,33,0.375555275511,0.389344657015,0.963180366706,0.066183866943
2,34,0.379575598342,0.406063073642,0.930365835671,0.0680920184343
2,35,0.384735131436,0.333230031096,1.15046280237,0.0686389987668
2,36,0.380864458318,0.183860299985,1.75443746779,0.0738554200485
2,37,0.381491648921,0.264515418116,1.37999607555,0.0698398142914
2,38,0.38474027669,0.252838158261,1.43951498994,0.0697662041671
2,39,0.385940897437,0.359702095138,1.07395253528,0.0627960646287
2,40,0.389773295334,0.286917408941,1.32516888794,0.0733755886444
2,41,0.391834890027,0.150960645923,2.01804502055,0.0712136009324
2,42,0.391058170247,0.221841274916,1.60378613628,0.0702058899569
2,43,0.394625220595,0.439041385978,0.885292511683,0.0741943357427
2,44,0.398049485281,0.28447297558,1.36468275117,0.0692768935901
2,45,0.401263199447,0.349006379231,1.15279992018,0.0629221770577
2,46,0.399189603151,0.234376948492,1.57987030403,0.0653176767475
2,47,0.400797736126,0.42924168552,0.925010007547,0.0644996538521
2,48,0.403734300142,0.338982989713,1.19273141115,0.0595076728497
2,49,0.401505528601,0.25470485672,1.49873852921,0.0650996600777
2,50,0.402435875602,0.196942166239,1.7851135333,0.0663835509203
2,51,0.402844947277,0.330868862536,1.21648577293,0.0658209878293
2,52,0.40154309234,0.301441688036,1.31425423238,0.0677906506217
2,53,0.396481593426,0.279703230281,1.37713846087,0.068223995301
2,54,0.396923060302,0.338489021505,1.17234695955,0.0665476022992
2,55,0.400023916423,0.237947572852,1.56696837549,0.0621707530244
2,56,0.395189767268,0.156117652711,2.00039526523,0.0678956955157
2,57,0.394356948595,0.226661795109,1.59516189779,0.0684514895882
2,58,0.393690717255,0.167340428073,1.91776966386,0.0714199803127
2,59,0.389651691833,0.373806063833,1.044048844,0.0670055776353
2,60,0.390123418872,0.311193458933,1.24014688636,0.0732702435192
2,61,0.392823197464,0.304850421223,1.27133944597,0.0762002680217
2,62,0.397482717783,0.326967944418,1.21167191615,0.0764788936877
2,63,0.393471602705,0.305426985592,1.2715616533,0.0751618563
2,64,0.395273970699,0.180339976445,1.84545943905,0.0784329225052
2,65,0.395165279144,0.354181204631,1.11793344559,0.0767577252068
2,66,0.393407556856,0.310955647695,1.25211010226,0.0757241836054
2,67,0.392814699226,0.32898012439,1.18978743671,0.0765106005458
2,68,0.394739614611,0.202491501623,1.71813625217,0.0775819735755
2,69,0.394530702841,0.326586553969,1.20321516573,0.0754386635743
2,70,0.396617371731,0.273001945943,1.40387094887,0.0763374670408
2,71,0.392335014526,0.268049853603,1.40714746629,0.0753982271253
2,72,0.392149133872,0.25020971131,1.48000910882,0.0764142556951
2,73,0.39409151442,0.383120953601,1.03031921441,0.074650355251
2,74,0.395882654621,0.354822243184,1.11817016607,0.0725043282381
2,75,0.394452494308,0.413808750637,0.948503240039,0.0679178137875
2,76,0.394836503481,0.451273830956,0.856230576459,0.0680791387739
2,77,0.395776847494,0.39152821179,1.01164409015,0.0710955224741
2,78,0.396518671476,0.393084514538,1.00940344857,0.06831696318
2,79,0.389270734389,0.268533721005,1.39354146445,0.0675453487754
2,80,0.391685672928,0.463172840769,0.821144338598,0.0639010969944
2,81,0.393007796827,0.303388154061,1.27712739167,0.0721825254307
2,82,0.39613272612,0.260115714735,1.4542332911,0.0707000010027
2,83,0.389317431173,0.291344558915,1.30729343472,0.0704762725726
2,84,0.391219825638,0.480958037007,0.779953581215,0.0622139205325
2,85,0.387193722085,0.303681191221,1.25604867938,0.0673184472042
2,86,0.386705304193,0.338620556435,1.13975771428,0.065421919058
2,87,0.386881274151,0.50988989231,0.709281733349,0.0640128430993
2,88,0.383283289917,0.428308728917,0.884179248682,0.0674660008592
2,89,0.379363227374,0.349972826615,1.08319596482,0.064461051539
2,90,0.380306584825,0.303897404116,1.23199501453,0.0632700434471
2,91,0.378243413299,0.456402035381,0.80679614426,0.0624429455445
2,92,0.374140697744,0.380769603821,0.98213596097,0.0602319282023
2,93,0.372708603872,0.29208409913,1.24697608636,0.0622376319974
2,94,0.369477731176,0.331771144639,1.10811375718,0.0699196504007
2,95,0.368820396089,0.43637523913,0.831376529465,0.0704867659224
2,96,0.36833219584,0.39266232041,0.935956459276,0.0731031013329
2,97,0.368191014937,0.322008637154,1.13413705585,0.0780505572929
2,98,0.369061605503,0.271757655456,1.30703795715,0.0791142780834
2,99,0.365604242255,0.300791932954,1.19392956279,0.0817659948333
3,0,0.383232810615,0.149820407576,1.97924410293,0.0749245637681
3,1,0.370412147505,0.282561755144,1.27258940999,0.0847153880413
3,2,0.369604351997,0.237604769758,1.44390094821,0.0793537412672
3,3,0.373219796253,0.240473601151,1.44598483261,0.085491816336
3,4,0.366147202403,0.123811970409,2.07917785739,0.0809994763617
3,5,0.368011639557,0.242656261052,1.41661837452,0.0874899816389
3,6,0.366955426248,0.291439874832,1.22982866866,0.0856080539282
3,7,0.362448516649,0.311298025427,1.14990223511,0.0818029098028
3,8,0.362083770633,0.271855920441,1.28212334457,0.0846136965258
3,9,0.36173585374,0.220435859345,1.4871041638,0.0794643742363
3,10,0.358641804112,0.359667394089,0.997215250561,0.0822042527513
3,11,0.360449934171,0.266905576336,1.29445067433,0.0782988724262
3,12,0.367512944908,0.265861410106,1.32346097847,0.0752368435369
3,13,0.365366174268,0.17116476491,1.75311070491,0.0731035116639
3,14,0.364962579038,0.384292897275,0.948797405871,0.0747458767986
3,15,0.36843029156,0.259306695363,1.35176634174,0.0702795931218
3,16,0.371297264332,0.39941486931,0.926320981419,0.0702828283746
3,17,0.37048615438,0.320233551558,1.14680203481,0.0701866400672
3,18,0.364781904562,0.128708863436,2.03301190996,0.0672564891114
3,19,0.372959617866,0.209976587565,1.58246251261,0.0708589163242
3,20,0.369508097864,0.252709412148,1.38161814704,0.0733352133255
3,21,0.365603199899,0.246080389117,1.39344831389,0.0652465209992
3,22,0.365849313633,0.241134296401,1.41457337051,0.0670781173486
3,23,0.366550511577,0.113690444728,2.16643570798,0.0609335211141
3,24,0.370613948504,0.183583604894,1.70773200548,0.0652209394983
3,25,0.370590425448,0.19121054232,1.66661677468,0.0641590258663
3,26,0.369255249772,0.422591969928,0.864575514685,0.0649804775544
3,27,0.367911292384,0.358683767982,1.02540292395,0.0638229399624
3,28,0.37198490805,0.327507553137,1.12877127003,0.0628382911507
3,29,0.367642807206,0.154357711762,1.86728107421,0.0667370203112
3,30,0.369522402757,0.186005103242,1.68950977562,0.062073458448
3,31,0.372108889595,0.17011210356,1.79177990418,0.0629243562317
3,32,0.373217822295,0.264561543046,1.34911804624,0.0657562036801
3,33,0.377769816768,0.196502179615,1.6714242752,0.0734523221764
3,34,0.379451818652,0.231412382182,1.51033250225,0.0636674702112
3,35,0.380846401229,0.240414826849,1.47653795975,0.0620917577627
3,36,0.378716573638,0.352490279263,1.07391089487,0.0660687903787
3,37,0.38448997281,0.310495959434,1.22362253677,0.0703069425491
3,38,0.385873555617,0.260850627085,1.41119836223,0.0753951828902
3,39,0.388651710327,0.27837599592,1.35310643552,0.0708863400847
3,40,0.384494289536,0.335008606278,1.14413990206,0.0739261345013
3,41,0.392300713302,0.25963671699,1.44109599593,0.0773258878256
3,42,0.392250907119,0.230424348372,1.56844266734,0.0667570737064
3,43,0.393779005696,0.284629709607,1.34829702108,0.0654684720639
3,44,0.400387882761,0.375079171099,1.0713374021,0.0638028615782
3,45,0.398465422828,0.237809202512,1.56095278949,0.063834816492
3,46,0.398515749097,0.286226964926,1.3597380076,0.0676461314556
3,47,0.397079107924,0.465110957995,0.828781843742,0.0604463260233
3,48,0.400281990192,0.427773593742,0.927451059237,0.0558844672134
3,49,0.401861296052,0.205928278279,1.73337389123,0.0603929036582
3,50,0.402720062525,0.386236718629,1.04594900483,0.0648492063354
3,51,0.399640552663,0.255545338656,1.48753889596,0.0633019148709
3,52,0.400761807495,0.308717674004,1.28537126985,0.0639245878737
3,53,0.394034352316,0.260418354419,1.44469135491,0.0658715216662
3,54,0.397211508335,0.253045151126,1.48836523808,0.0644993851456
3,55,0.400155488866,0.29341996531,1.3387352068,0.0567541274699
3,56,0.39456121529,0.145505350208,2.07266865194,0.0623812076384
3,57,0.394915350558,0.17800934667,1.85765713215,0.0698901209837
3,58,0.393084719019,0.233432142498,1.55812029914,0.0700449202702
3,59,0.393503345884,0.225405707038,1.59741410547,0.0703194256346
3,60,0.391130997891,0.273002855963,1.38303547419,0.0730948050095
3,61,0.392526853354,0.239626126508,1.52774942579,0.0762424497927
3,62,0.398201616895,0.3122389917,1.26410772867,0.0730414600846
3,63,0.392150527709,0.229212814112,1.57364535478,0.0794480597404
3,64,0.39736736603,0.19660097119,1.76247652096,0.0758777147325
3,65,0.397715526421,0.265443293074,1.43853334064,0.0780079640334
3,66,0.394514567714,0.221867972418,1.61883030635,0.0810169171859
3,67,0.392293975554,0.203201386455,1.70298512242,0.0835745954781
3,68,0.394977483444,0.262624303441,1.43932888537,0.0765392869286
3,69,0.395198766537,0.320919583029,1.22426303397,0.0793845978798
3,70,0.393128632789,0.345807144192,1.13737479231,0.0753408644247
3,71,0.392898100679,0.224936297477,1.59701356842,0.0785120681926
3,72,0.394268613308,0.285803215194,1.3456763999,0.07198778147
3,73,0.392488204361,0.260663624307,1.43761158113,0.0757856422558
3,74,0.388799868524,0.212710926685,1.63844255208,0.0718301914007
3,75,0.393884546968,0.230798867787,1.57369612283,0.0708162582095
3,76,0.397191997567,0.323834318775,1.22114146262,0.0719549676141
3,77,0.393367455167,0.43806964214,0.884638326173,0.0696813499474
3,78,0.393441066143,0.314127190325,1.24134597939,0.0697889135229
3,79,0.394980602007,0.279449434233,1.37249257871,0.0722907699148
3,80,0.394401284247,0.329282085959,1.19395607178,0.0697414282989
3,81,0.393462377732,0.426142635144,0.914460504182,0.0666297234961
3,82,0.396635684553,0.293350260382,1.32620175858,0.0647319105224
3,83,0.39200822305,0.370630915099,1.05988012417,0.0688002857515
3,84,0.388011008636,0.419480652499,0.917627637117,0.0648402668812
3,85,0.382548867442,0.269066987504,1.36621546678,0.0607979081503
3,86,0.382634126142,0.386577880225,0.989326161733,0.0603737714509
3,87,0.384088956177,0.334991690789,1.14293150431,0.0694867287016
3,88,0.382801329068,0.389766171857,0.981222523069,0.0636574915128
3,89,0.380440812006,0.402249806055,0.9423207068,0.062211171498
3,90,0.381679389313,0.290496246168,1.28342772635,0.056906843822
3,91,0.376438696617,0.303062317642,1.22192092226,0.0634416624553
3,92,0.374272971622,0.219664886374,1.54222486153,0.0678648305361
3,93,0.37155049214,0.327323481643,1.1280068899,0.0648678794555
3,94,0.370385385385,0.342170676876,1.07977595829,0.0674188870781
3,95,0.369556181591,0.326960883877,1.12302167462,0.0695883653474
3,96,0.36613629479,0.370072074275,0.989358415744,0.0708899132336
3,97,0.37056898076,0.322732483197,1.13923005348,0.0746622951521
3,98,0.368398609897,0.343232560264,1.07085722189,0.0889401861937
3,99,0.366374518906,0.390426916913,0.936674868678,0.0856379775982
4,0,0.382283761256,0.26835339937,1.36799219897,0.0707094421053
4,1,0.37371953137,0.329878327308,1.12677852102,0.0731571483095
4,2,0.372986663501,0.185073515875,1.71058666726,0.0818163174085
4,3,0.370934620222,0.176110164836,1.75112832404,0.0815133744772
4,4,0.366668535232,0.281363277854,1.26394140986,0.0885481639359
4,5,0.3687779064,0.319649553485,1.14331893131,0.0857608710762
4,6,0.363044081809,0.344362429989,1.05213972462,0.0780318423485
4,7,0.363870678867,0.330138460243,1.0962319936,0.0810953584633
4,8,0.360703451897,0.252259775865,1.35068848967,0.0807148791152
4,9,0.359127496436,0.136849233116,1.94211360445,0.0821228188899
4,10,0.362384721041,0.244577487456,1.387345127,0.0753704048615
4,11,0.363173672421,0.285114032252,1.23891610758,0.0772857032844
4,12,0.369691928241,0.303223477309,1.19917886492,0.0764989448072
4,13,0.364344845427,0.259114134613,1.33757306472,0.0783610007512
4,14,0.369560261881,0.320642865363,1.14263609475,0.0760756154602
4,15,0.369338359832,0.251837172503,1.38445207681,0.0702128904362
4,16,0.369002049469,0.432035056122,0.841813483232,0.0724216057325
4,17,0.369509743901,0.299090011653,1.21237161163,0.0662855225586
4,18,0.369499760303,0.29434447697,1.22840310874,0.0662098919196
4,19,0.369406958773,0.205957590136,1.58665952922,0.0690374043509
4,20,0.369152664646,0.191913565809,1.65643317099,0.0648218729103
4,21,0.364740859023,0.241681023733,1.40807193051,0.0607731903493
4,22,0.370508556634,0.420670006086,0.8721171595,0.0596311343211
4,23,0.36825766395,0.251706361737,1.38091110971,0.0652057993092
4,24,0.36951854062,0.278482330035,1.28410935354,0.0598500684039
4,25,0.37157859984,0.284361408597,1.27021798945,0.061471674053
4,26,0.373281836332,0.350099285588,1.06506549432,0.0635095438384
4,27,0.368503599454,0.227628817156,1.48255219473,0.060747459461
4,28,0.37082238772,0.237442414308,1.44937869855,0.0616967292481
4,29,0.367808947928,0.189039436085,1.66548045837,0.0624729985751
4,30,0.374791423327,0.159774230807,1.86877970785,0.0662390149485
4,31,0.372839378238,0.266270216474,1.34120563237,0.0702790075833
4,32,0.371077522351,0.295986535712,1.22807114938,0.0667041690616
4,33,0.37409008011,0.16500831387,1.83243687785,0.0681349616628
4,34,0.381237936505,0.141106615249,2.03067031194,0.0629240760821
4,35,0.382311318063,0.206511750724,1.6405253234,0.0672530375192
4,36,0.37567559124,0.175190550851,1.77919194073,0.0652102122639
4,37,0.380319408177,0.244630841016,1.45644061049,0.0676117053416
4,38,0.385401928927,0.317269109942,1.20403024986,0.067521938059
4,39,0.388098071888,0.265310413843,1.40185808614,0.0692468669604
4,40,0.389095740572,0.450241667109,0.845370877715,0.0769315552299
4,41,0.390666057352,0.436677689596,0.881538468745,0.0729790933437
4,42,0.392746367459,0.336134305048,1.16654685185,0.0669516608323
4,43,0.394267740364,0.359145342493,1.10024771725,0.0621236770804
4,44,0.400153412048,0.375946742574,1.06812972679,0.0666555993448
4,45,0.397061702081,0.378177946808,1.05275388835,0.0625810639022
4,46,0.39196279392,0.23116311119,1.563794486,0.0673340923784
4,47,0.397151320026,0.217379577251,1.65263980339,0.0640708389009
4,48,0.398688102894,0.359144248475,1.11359073685,0.0585155303461
4,49,0.400932763311,0.275612719164,1.41007967636,0.0625499010549
4,50,0.400183054823,0.365929316197,1.09770544454,0.0630321804318
4,51,0.396407480315,0.262236050989,1.44654921382,0.0620040831283
4,52,0.397560037026,0.449031219748,0.868012545821,0.0674226036258
4,53,0.395715879055,0.233693241595,1.56812701987,0.0657998799908
4,54,0.395674478885,0.436625653192,0.893778868021,0.062104970987
4,55,0.394851946083,0.364785923415,1.08523075727,0.0658372857513
4,56,0.390761860857,0.342067732762,1.14163632334,0.0681534312782
4,57,0.393629922438,0.218096995545,1.63331906199,0.0727129841114
4,58,0.392441624777,0.289676034923,1.3246046378,0.073698039691
4,59,0.393992664343,0.359736517094,1.09765748251,0.0713670666404
4,60,0.391662985752,0.223952171324,1.59632700815,0.0714634667294
4,61,0.393401910287,0.18368224898,1.81638461318,0.0732669691703
4,62,0.399815149998,0.345108680935,1.16050445048,0.0769548193608
4,63,0.396446232935,0.369999011609,1.07462060653,0.0800630814831
4,64,0.3962648011,0.21962279308,1.63755930397,0.0807442195652
4,65,0.394008916912,0.331610167274,1.18511577979,0.0830255482995
4,66,0.393754522742,0.251257386751,1.48201342558,0.0830867514005
4,67,0.392243231073,0.305670807791,1.26646068969,0.083435084001
4,68,0.392029402601,0.253029831622,1.46755748686,0.0787284513012
4,69,0.389844675071,0.353666488969,1.10338994806,0.0768178051011
4,70,0.391605674623,0.31888159644,1.21913126976,0.0812541495868
4,71,0.392500156508,0.331797327523,1.17965068156,0.0775735933715
4,72,0.396068065248,0.366387106684,1.08410518875,0.0688860959877
4,73,0.392832900675,0.253735410063,1.46779312058,0.0717620379869
4,74,0.394344814007,0.373762497505,1.05760711676,0.0768476359798
4,75,0.392670265351,0.308696819947,1.25739672785,0.073590444358
4,76,0.395525195945,0.429146753497,0.912042195278,0.0673449369351
4,77,0.39420861769,0.427464365207,0.912995116483,0.065503798694
4,78,0.395877025614,0.49086024624,0.767921599173,0.0685319919599
4,79,0.398951622413,0.338063051758,1.18022093415,0.0719897164347
4,80,0.394523877379,0.329573557333,1.19340373296,0.0737263121617
4,81,0.394223951765,0.433483812043,0.898010726988,0.0670247049579
4,82,0.39392575287,0.450478812158,0.856000827337,0.0647420390181
4,83,0.389855389658,0.468509256992,0.804900208214,0.0666773166742
4,84,0.387449055659,0.504562659643,0.721455635883,0.0651321428679
4,85,0.383570544876,0.414747167566,0.918448175184,0.0681168929997
4,86,0.384501852635,0.470630861829,0.788528943527,0.0641692446555
4,87,0.381964581475,0.320114050688,1.18354687968,0.067519956854
4,88,0.3794599018,0.315013295954,1.19208757884,0.0652423864953
4,89,0.380518958828,0.396283393403,0.957987183619,0.0595514744148
4,90,0.3791124754,0.254055220513,1.41269415363,0.0632686378637
4,91,0.377092123418,0.217520813234,1.56414876759,0.0741438534202
4,92,0.374775436472,0.260022477567,1.37247646395,0.0762352616518
4,93,0.372425272559,0.400964980648,0.925244228468,0.0740732658329
4,94,0.366822580886,0.381765171684,0.960187155271,0.0685012737145
4,95,0.366762805487,0.293962327832,1.22059311876,0.075028582343
4,96,0.370508675724,0.271855534954,1.31182675675,0.0758788730965
4,97,0.366474297206,0.310759021814,1.16428193711,0.0749696962018
4,98,0.361955092867,0.366938178435,0.986545208797,0.0768275537041
4,99,0.365000584883,0.104405446817,2.24186065097,0.0757773480643
5,0,0.382173484101,0.25153092129,1.43488631681,0.0716607488401
5,1,0.373849184546,0.239555529133,1.45234876457,0.0823599068588
5,2,0.373741808868,0.319066180846,1.16070743689,0.0827010018806
5,3,0.370290718765,0.207943415791,1.58081698157,0.0858687151073
5,4,0.368194242039,0.286205565688,1.25211596455,0.087224962166
5,5,0.367712517642,0.379288291313,0.969018912503,0.0774396184994
5,6,0.364798077881,0.217292532956,1.51377793034,0.0851517108863
5,7,0.366131588807,0.289725750799,1.23294859984,0.0879363209324
5,8,0.363350232124,0.341264685666,1.06194147923,0.083043146691
5,9,0.367768150718,0.335005401916,1.09327783501,0.0813853296475
5,10,0.365082909032,0.230389668286,1.45686613496,0.0864481602654
5,11,0.368588913799,0.191514021891,1.6559848199,0.0810543656985
5,12,0.370007435117,0.392058799624,0.941775443926,0.0752888044924
5,13,0.367443469612,0.201471483513,1.60020990558,0.0761808662968
5,14,0.366039689205,0.354976436759,1.03053725715,0.0748978044174
5,15,0.367829045869,0.323107322238,1.12961598881,0.0722580099718
5,16,0.368034533927,0.430951835801,0.842113893464,0.0704204757441
5,17,0.371443152883,0.272206836426,1.31385940481,0.0687894794656
5,18,0.373753006266,0.275602386002,1.30953903564,0.0683479450564
5,19,0.369870637211,0.30420440385,1.19651424987,0.068910757127
5,20,0.368992825965,0.213112870268,1.55061919814,0.0685244953078
5,21,0.370721211316,0.29413101752,1.23321965899,0.0677367299395
5,22,0.368542774846,0.364061291777,1.01225662607,0.0681222106736
5,23,0.371724707575,0.417534336794,0.882565648333,0.0737275828726
5,24,0.373415010764,0.400575250883,0.928724275578,0.066988489471
5,25,0.371869283527,0.521603894236,0.65794412812,0.0646701117324
5,26,0.369709933222,0.269381150196,1.31817066773,0.0708340476979
5,27,0.370681139927,0.328574763858,1.12149964032,0.0606670154143
5,28,0.372608177848,0.357972259957,1.04059033364,0.0672421441558
5,29,0.372695666021,0.286972631968,1.26481981008,0.0672880010472
5,30,0.370995117111,0.24735106066,1.40882817769,0.071437558986
5,31,0.370600952044,0.398891305252,0.925890690554,0.0651644785726
5,32,0.373188481131,0.304462457534,1.20649453669,0.0654426113344
5,33,0.374231287646,0.211535116278,1.58041904811,0.0739077064506
5,34,0.382810702618,0.361849329574,1.05864595877,0.0692958024561
5,35,0.38346351946,0.269113451936,1.36943918666,0.0666666886629
5,36,0.379986037012,0.373116410511,1.0188545393,0.0709644142157
5,37,0.378470124418,0.286045550815,1.2881647221,0.0739634116723
5,38,0.383602838651,0.370026069439,1.03760828114,0.070098651976
5,39,0.384517954023,0.272828381975,1.35902925434,0.0754121418785
5,40,0.38715187828,0.290569467332,1.30241630554,0.0735304003772
5,41,0.392063146095,0.284646668034,1.34194509968,0.0768553737288
5,42,0.394652730916,0.316097612466,1.23872586562,0.0721870820945
5,43,0.397225135783,0.288237922058,1.34737745729,0.0697816138158
5,44,0.400351228479,0.27866075896,1.3958290854,0.067354976904
5,45,0.400266676867,0.298939097263,1.3187892291,0.0629207796045
5,46,0.399395214169,0.432035099645,0.914409384352,0.072683868422
5,47,0.399877465615,0.361468649657,1.11017146759,0.0680457425177
5,48,0.400648395583,0.276989575671,1.40353780632,0.0637607029791
5,49,0.402393429801,0.309986745706,1.2866017673,0.0684120636406
5,50,0.402455684209,0.375186258193,1.07708711115,0.0646787126315
5,51,0.399597494377,0.441800116148,0.890548293027,0.0590395170244
5,52,0.399016986433,0.351111110944,1.13921205995,0.0699973188477
5,53,0.39778704693,0.373189105308,1.06924372323,0.0647973290204
5,54,0.399778900137,0.225723535747,1.62344402679,0.0653147158015
5,55,0.396848394081,0.109178903023,2.39641327983,0.0659510877973
5,56,0.39617269001,0.242015767602,1.53228709396,0.0703563914218
5,57,0.395881243379,0.265695189033,1.43033335307,0.0674120237657
5,58,0.394173324513,0.286747285122,1.34178469209,0.0737350869308
5,59,0.394854198909,0.21314661054,1.66348543111,0.0733011456249
5,60,0.393678575849,0.282990848532,1.35412246271,0.0790975317066
5,61,0.393081508942,0.111050239272,2.35373509392,0.079205949786
5,62,0.399010388705,0.172673828584,1.91163730278,0.0755626923986
5,63,0.396178888591,0.203685859221,1.71853822363,0.0798363956877
5,64,0.400283909038,0.212878152447,1.68967570821,0.0761941468779
5,65,0.397758299356,0.207290684549,1.70692575616,0.0798702407235
5,66,0.392875618949,0.216536424383,1.63765213869,0.0781438808556
5,67,0.39188337192,0.235289831692,1.54456777672,0.0817123537763
5,68,0.392816102606,0.141121599467,2.09557429861,0.0757778195983
5,69,0.394869153212,0.284976648447,1.35099754686,0.0764019414612
5,70,0.395295552005,0.329974563603,1.1946061315,0.0755544968411
5,71,0.393199367139,0.319982386219,1.22074387064,0.0763947100886
5,72,0.391849694298,0.280571968387,1.3565549041,0.0747057814369
5,73,0.392789806278,0.239348936741,1.53008283146,0.069780008302
5,74,0.393558754534,0.323122926338,1.2114662457,0.0739723426462
5,75,0.391410668679,0.396268347593,0.986850382089,0.0727446150106
5,76,0.394571404299,0.320539405672,1.22344615515,0.0658544898078
5,77,0.39564278662,0.207581880631,1.69559491422,0.0668778751033
5,78,0.393804564171,0.348922615099,1.1298471123,0.0649096264319
5,79,0.396176678597,0.287178606056,1.34750800436,0.0636788456128
5,80,0.394145881546,0.283041805947,1.35565449101,0.0653647395535
5,81,0.392367911346,0.460669397967,0.828464773239,0.0607718654005
5,82,0.396117111995,0.28159879266,1.36847715846,0.0622276227295
5,83,0.391469940701,0.123888552699,2.22677461923,0.0659636831314
5,84,0.391551185354,0.346124761947,1.13151858103,0.0692853549549
5,85,0.384119119641,0.265470589518,1.38612840724,0.0709601717256
5,86,0.386397165773,0.280556659873,1.33662172407,0.0639462275917
5,87,0.387147126177,0.385395861383,1.0047776722,0.0706532021283
5,88,0.378564083149,0.265279442949,1.36608257077,0.0603939499269
5,89,0.38000813711,0.180191497948,1.77118782084,0.0601130541681
5,90,0.383731220802,0.319141161764,1.19242676736,0.0622694071985
5,91,0.380764030432,0.21350688512,1.59913574495,0.0645645474377
5,92,0.373464751285,0.286445028517,1.26933542044,0.0685922883418
5,93,0.371405823247,0.200267267363,1.62359161124,0.067899415556
5,94,0.368660744125,0.297921543335,1.21349960407,0.0734810856426
5,95,0.373331686251,0.419214498377,0.882353735497,0.0698301432235
5,96,0.371333076231,0.307013186287,1.19200284611,0.0776853906581
5,97,0.367510539651,0.284014816146,1.2574672791,0.0751307736682
5,98,0.366495466024,0.37054119281,0.989062753897,0.077574200242
5,99,0.365775956987,0.196226255987,1.61920197306,0.0758916490332
6,0,0.383782882521,0.197415196239,1.69414528771,0.0715916929695
6,1,0.375511379234,0.244898588477,1.43640550538,0.073995786565
6,2,0.371032322859,0.206000578821,1.59347486098,0.0785345491958
6,3,0.369312087259,0.239013781101,1.43681865448,0.0823385696208
6,4,0.367850209781,0.192296547701,1.6485855788,0.0845289345403
6,5,0.367513928683,0.298483571686,1.2078397189,0.0838712467503
6,6,0.367005479827,0.105552859219,2.24320794701,0.0813524476136
6,7,0.36345797449,0.190709622483,1.6372068549,0.0854105205207
6,8,0.361950830803,0.251234247555,1.35928534094,0.0829254976489
6,9,0.364912697336,0.423960511272,0.851222494689,0.0767031709441
6,10,0.360880958594,0.316327813242,1.12928587917,0.0837868197142
6,11,0.362015788407,0.283353541798,1.24111828609,0.0797822359887
6,12,0.365815801559,0.284295721086,1.25070466379,0.0786829004235
6,13,0.364435498667,0.340384503131,1.06763752879,0.0746965977736
6,14,0.367195655054,0.436548958791,0.827315566129,0.0740864877107
6,15,0.371129273627,0.225946758081,1.50065440079,0.072148540706
6,16,0.371750352971,0.226768899212,1.49951970158,0.0713291793264
6,17,0.36964263452,0.187539669811,1.68180628442,0.0725535582869
6,18,0.367310685343,0.346465316501,1.058335069,0.0625532446977
6,19,0.371844151306,0.283077189068,1.27571069672,0.0638179703105
6,20,0.368262186607,0.333983378695,1.09780562579,0.0671205682805
6,21,0.367226197028,0.347362356357,1.05551085082,0.0672078238815
6,22,0.366011150426,0.194510727528,1.62897407349,0.0645259434905
6,23,0.367680479154,0.250899249327,1.38195620529,0.0659163649328
6,24,0.367203908575,0.281212623904,1.26631676722,0.0683278209525
6,25,0.370667379489,0.297867120065,1.22032101424,0.0632382523542
6,26,0.367532976361,0.230132296113,1.46771800295,0.0672762231887
6,27,0.369323947068,0.321755859182,1.13842357368,0.0677770071978
6,28,0.371406543734,0.422973564942,0.868735056365,0.0606703966608
6,29,0.370232229338,0.257601002401,1.36504580154,0.0638485008301
6,30,0.368607438901,0.264499051725,1.33255199826,0.0654126452564
6,31,0.372340425532,0.43547693549,0.841455746138,0.068808969837
6,32,0.371756329523,0.325282051966,1.13496079218,0.0714230573793
6,33,0.371608865985,0.24668301053,1.41391267744,0.0662706034912
6,34,0.378936089316,0.214776840683,1.58509399063,0.0656791197564
6,35,0.381869240696,0.343115829778,1.11115894369,0.058151028369
6,36,0.383423589186,0.447309906315,0.839235444565,0.0627489504783
6,37,0.380615809154,0.355588273164,1.07041350455,0.0671890249083
6,38,0.383350398387,0.305580367762,1.23647815708,0.0655105252868
6,39,0.389185785642,0.288318913612,1.31788716069,0.0678190067717
6,40,0.388715766919,0.339164990516,1.14431233029,0.0736227088808
6,41,0.391976143886,0.315539476218,1.23161196738,0.0753261958796
6,42,0.393045250882,0.4255326655,0.914955696316,0.0667159722594
6,43,0.392504348907,0.358279781927,1.09755418605,0.0755922664559
6,44,0.394745617248,0.472120957321,0.807433002544,0.0675792727586
6,45,0.397936080851,0.457474238397,0.848687307227,0.0684562634566
6,46,0.397842191006,0.525619419262,0.697817039387,0.0638720118935
6,47,0.395309865473,0.421431088036,0.931055538361,0.0705984686824
6,48,0.400204296416,0.39109011048,1.02515577944,0.0642834363136
6,49,0.400173597576,0.216108520493,1.67272278167,0.0669419953828
6,50,0.401206064404,0.366216981922,1.09991366984,0.0613439026171
6,51,0.400457890096,0.439968114328,0.897181901901,0.0664808690851
6,52,0.397801005612,0.29823209812,1.31251768332,0.0667175167865
6,53,0.397174028957,0.360941086667,1.10359734722,0.0684991248568
6,54,0.3983916904,0.408643181342,0.972393623211,0.0661882106402
6,55,0.397200806289,0.418752271565,0.94277398074,0.0690729870349
6,56,0.393527270533,0.29490720225,1.30933745505,0.0681342885565
6,57,0.393457798924,0.215679398394,1.64450335111,0.0759231397897
6,58,0.391483816005,0.34257286548,1.14230989028,0.0731269876578
6,59,0.391973475097,0.219489640269,1.61916850179,0.0808034211273
6,60,0.395138781606,0.248956631393,1.49752209913,0.0825737292601
6,61,0.394305173308,0.295616631617,1.30953405016,0.0824070839986
6,62,0.398295185304,0.293710827029,1.33088237504,0.0783424771625
6,63,0.395674694071,0.193182588518,1.77328008865,0.080978442027
6,64,0.398509723553,0.169752543931,1.92757441124,0.0806106877683
6,65,0.394812514977,0.298162487894,1.30211883329,0.0870340251589
6,66,0.393929493598,0.375106904718,1.05255662756,0.0816383103649
6,67,0.393481346415,0.293171622814,1.31550194217,0.0845241870635
6,68,0.393483127085,0.276126529386,1.37972820566,0.0763682328367
6,69,0.395213891963,0.269391863658,1.41284975601,0.0798776634985
6,70,0.394097276877,0.307482918689,1.26652659354,0.0803832370289
6,71,0.390575434672,0.346848165677,1.12629474573,0.0760578987258
6,72,0.392455563838,0.296817674638,1.29861618016,0.0695985817203
6,73,0.395294791965,0.324784221133,1.21168602231,0.072889646782
6,74,0.388847802814,0.33074521342,1.17133738355,0.07581113789
6,75,0.390360711297,0.301966286926,1.27294587323,0.0754247692902
6,76,0.393858712115,0.290567285719,1.32643179196,0.0683050402086
6,77,0.393131829606,0.320062715885,1.22025039868,0.0733776357179
6,78,0.392367947274,0.354104668381,1.1096755098,0.0744137830119
6,79,0.39457967967,0.194035272294,1.7632595413,0.0752462649088
6,80,0.395178118546,0.225138822362,1.60599749505,0.0657822603621
6,81,0.393763722299,0.283166352715,1.35377145536,0.0696604970423
6,82,0.395185161949,0.448212614763,0.864376162969,0.0696326870648
6,83,0.390246125798,0.496649694695,0.743769358591,0.0658192953396
6,84,0.392773084463,0.524870778116,0.689766893879,0.0673436757979
6,85,0.386277287993,0.167446001168,1.87877915016,0.0671776708753
6,86,0.385368337377,0.26931764265,1.37576000398,0.0609760182889
6,87,0.381169812863,0.365750418358,1.0428132236,0.0613584402025
6,88,0.378795096789,0.249557332484,1.42987638372,0.0644695261679
6,89,0.377557103334,0.3551885264,1.06270125043,0.0587798617192
6,90,0.379801103794,0.458626616856,0.805198607591,0.0657975466302
6,91,0.376683701816,0.175242989407,1.78376890703,0.0683502632654
6,92,0.371180400891,0.199154750996,1.62821785508,0.0633423831902
6,93,0.369638629629,0.425728399991,0.858047070693,0.0703374302316
6,94,0.372057756312,0.256377062387,1.37665370025,0.0711480433994
6,95,0.370994872005,0.260856765477,1.35521226636,0.0722048742882
6,96,0.368478076684,0.288284238877,1.24583399319,0.0738144934926
6,97,0.369194064286,0.246225226951,1.40652588881,0.0750718263414
6,98,0.36504308071,0.122153231889,2.08633102347,0.0771445516995
6,99,0.365439599714,0.166738046357,1.7794900801,0.073928393695
7,0,0.379967901178,0.303945418867,1.23069743036,0.0726124086508
7,1,0.376425265487,0.229182956501,1.50786156852,0.0791760117861
7,2,0.373635236559,0.287125149176,1.26751493725,0.0834759089755
7,3,0.367681045279,0.197984253863,1.61869458649,0.0817673535735
7,4,0.367460535862,0.276293942435,1.28482610261,0.0887240069525
7,5,0.368435172528,0.28131329744,1.27020365877,0.0885408810365
7,6,0.369757325722,0.339798638985,1.08492612296,0.0849677271316
7,7,0.363749395593,0.353092782951,1.02940233729,0.0832180323106
7,8,0.365549634179,0.138614008671,1.96358704191,0.0845859976719
7,9,0.362900297315,0.11870921685,2.10242823665,0.0800522170538
7,10,0.364463858122,0.202662967422,1.58145926519,0.0813249163044
7,11,0.366146796588,0.338670428043,1.07764035508,0.0757220412088
7,12,0.368244215621,0.345225579802,1.06461232485,0.0740008162284
7,13,0.367676195868,0.328931739923,1.11129089373,0.0782357380112
7,14,0.370525451122,0.327857423344,1.12322645383,0.0790993518633
7,15,0.36842394108,0.309463257536,1.17465323326,0.0710739068949
7,16,0.371474696351,0.430271655845,0.851620926397,0.0686296981122
7,17,0.369502517558,0.133732147322,2.02081255226,0.068717081745
7,18,0.369688201762,0.28022480936,1.27843340577,0.071876200688
7,19,0.370578401134,0.247144614959,1.40807430249,0.0684910956521
7,20,0.371017287991,0.475343220194,0.750088958274,0.0640718231389
7,21,0.369121844652,0.339925484002,1.08267911666,0.0625854242902
7,22,0.368094626792,0.341444979481,1.07519746414,0.0648365404853
7,23,0.371750493545,0.470528215472,0.761874374729,0.0611183560396
7,24,0.375097765838,0.427549843309,0.866522162603,0.0579512641112
7,25,0.372019212012,0.318219777468,1.15797095962,0.0717394380916
7,26,0.371973445099,0.186022035909,1.7007122428,0.064342234889
7,27,0.369430908,0.245683548156,1.40964338306,0.060716011141
7,28,0.37301780406,0.377101333195,0.988959063511,0.0612496493086
7,29,0.372170997485,0.346410336779,1.0725710922,0.0670334392588
7,30,0.37636259323,0.437752567946,0.84537406257,0.0716911280707
7,31,0.373139543373,0.288991853748,1.25923435787,0.0708883592738
7,32,0.375650375076,0.299975530133,1.22976077452,0.0731932921692
7,33,0.375546012788,0.223813910085,1.52846604687,0.0710340948369
7,34,0.383976106246,0.2802188804,1.32910317313,0.0706705967311
7,35,0.384413219733,0.243420468351,1.47793934262,0.0675820237995
7,36,0.383904264377,0.298734751244,1.26200865694,0.0719843372403
7,37,0.385631794707,0.294924939519,1.28142505856,0.0712655496833
7,38,0.385242936313,0.325748377268,1.17585933629,0.0702983607459
7,39,0.38742426985,0.364727064425,1.06366681192,0.0742691267276
7,40,0.389302801401,0.31106058524,1.23783153065,0.0756630239244
7,41,0.394077064568,0.262037852329,1.43820195914,0.076133429634
7,42,0.393426895312,0.244173246356,1.5113492549,0.0704617150245
7,43,0.393881323364,0.267989571007,1.4133296809,0.0709999522126
7,44,0.399751338208,0.295810761305,1.32840946459,0.065831115748
7,45,0.400688951543,0.286344611373,1.36737426856,0.0672612450131
7,46,0.398788378748,0.356954923944,1.12054655457,0.0688370681772
7,47,0.401221441217,0.267055464389,1.44572766703,0.0626280775129
7,48,0.400648693531,0.305961297477,1.29477982263,0.0675554455152
7,49,0.403611241953,0.252480636278,1.51704613987,0.0649460955545
7,50,0.402396814585,0.217683523928,1.67492610353,0.0593411898059
7,51,0.401727090696,0.411193393059,0.974461491912,0.0601146220654
7,52,0.400737766941,0.240226451546,1.55960014297,0.0691183084336
7,53,0.397519363887,0.402219666802,0.987257909044,0.0641702855558
7,54,0.397550153589,0.245095737536,1.52434331831,0.0696034569746
7,55,0.398238945555,0.340270228166,1.17086083692,0.0724017681662
7,56,0.396224403813,0.236409769289,1.55781844083,0.0743406399014
7,57,0.397909766919,0.224654162575,1.62034126839,0.0786717335708
7,58,0.394055506366,0.33705196239,1.16778781608,0.0734419614322
7,59,0.394501581674,0.432897313133,0.900146016643,0.0692419657966
7,60,0.393415811957,0.49899818474,0.745161998374,0.074274891757
7,61,0.39377492413,0.256520177254,1.4598533204,0.0735157186463
7,62,0.399040969686,0.463008949438,0.838158575159,0.071570057801
7,63,0.395066637062,0.298833186769,1.30060158244,0.0743101886378
7,64,0.398202503735,0.255019934447,1.4839504521,0.0775838711941
7,65,0.395240187923,0.200679035584,1.73016791424,0.0787377715691
7,66,0.393276866067,0.286903492735,1.33792752171,0.0793680001563
7,67,0.393011919069,0.286178942579,1.33966960174,0.0795248335209
7,68,0.392748622069,0.212727277438,1.65607566592,0.0792201376687
7,69,0.395491073836,0.290092721116,1.33410799522,0.0739770132959
7,70,0.395100163856,0.216648396672,1.64705280329,0.0835770842581
7,71,0.392719200655,0.266647034497,1.41423497612,0.0797870028031
7,72,0.395162141621,0.324286310454,1.21290045319,0.0711208901479
7,73,0.393735048003,0.177542921469,1.8545064105,0.0749465206404
7,74,0.394338105531,0.165469452702,1.93323867233,0.077994777911
7,75,0.393491139622,0.233626126448,1.5589560332,0.081112539934
7,76,0.39513659852,0.415766505996,0.945190099231,0.0787618781462
7,77,0.39517443223,0.330568762554,1.19227400736,0.0692198335759
7,78,0.395161375802,0.424710096059,0.922331064553,0.072475127821
7,79,0.394970565033,0.309011938878,1.26420464579,0.0646053977327
7,80,0.395386297887,0.342564035347,1.15454885708,0.066589631134
7,81,0.395363142481,0.287178773169,1.34452240211,0.0659184253755
7,82,0.395393672324,0.332050052776,1.18816812056,0.0677205679428
7,83,0.392095692233,0.443410493734,0.868635380336,0.0662614769434
7,84,0.389234856073,0.282927255534,1.3380695495,0.0671316941091
7,85,0.38755151298,0.247276740272,1.4740347916,0.0658587437504
7,86,0.38405903057,0.173404661769,1.83093247166,0.0678364304615
7,87,0.382490132759,0.197003257914,1.69037086248,0.0631741492049
7,88,0.384245709124,0.316493431942,1.20280730703,0.0612430618594
7,89,0.381323836979,0.300547865231,1.24690426106,0.0654327950908
7,90,0.381360347634,0.135982678667,2.06971567956,0.0624347194799
7,91,0.376628950252,0.283364386115,1.29137567872,0.0663200973658
7,92,0.374277053169,0.334624195305,1.11395287468,0.0622460599566
7,93,0.373111055986,0.264637467828,1.34843546839,0.0675792723081
7,94,0.373438265092,0.232767143277,1.47991157207,0.0700246513461
7,95,0.372936866832,0.188569793094,1.69138097897,0.0677857996978
7,96,0.368366525282,0.303908567206,1.19260639305,0.0692407658476
7,97,0.365270090565,0.366435648895,0.996836648447,0.0734255762741
7,98,0.367720412171,0.399458316172,0.917249259801,0.0786199843691
7,99,0.368578037154,0.423889432364,0.859914042191,0.0760700649668
8,0,0.380328094423,0.28577759765,1.29565966924,0.0758756558571
8,1,0.375504901861,0.330270978455,1.13104664629,0.0781609760068
8,2,0.372373911134,0.37540553572,0.99179194456,0.0813343756247
8,3,0.370354627553,0.229457543107,1.48197497388,0.0850224100052
8,4,0.365807344064,0.189959094228,1.65161741787,0.0840035014812
8,5,0.368300050451,0.224421616588,1.49593816016,0.0853857490342
8,6,0.370014766408,0.234870580448,1.4571541143,0.0856283731877
8,7,0.364224063226,0.328654018014,1.10174760027,0.0847255715526
8,8,0.361553824307,0.244448167791,1.3847346532,0.0902488113791
8,9,0.366926866064,0.222422639529,1.49928868088,0.0868774849404
8,10,0.366231463483,0.218363597907,1.51479271257,0.0826191007005
8,11,0.365376621793,0.144805488715,1.91926182911,0.0820597946057
8,12,0.369632841589,0.278656289347,1.28388093783,0.0789185438654
8,13,0.364905713912,0.288600760446,1.23270601445,0.0725486950655
8,14,0.366255801932,0.263050768409,1.32952736143,0.0789570650932
8,15,0.370214600339,0.367543384169,1.00728758722,0.0769592250123
8,16,0.373220268007,0.440995015857,0.830694924493,0.0701218631365
8,17,0.369836779584,0.322192954502,1.13864689719,0.0731586475247
8,18,0.36777087871,0.388617368744,0.944881168586,0.0700522574188
8,19,0.369714424435,0.349121317352,1.05759799051,0.074400450548
8,20,0.370047058696,0.279812301754,1.28116296118,0.0706709566771
8,21,0.370154259965,0.382472829637,0.96705915469,0.0688712291152
8,22,0.371934503174,0.183618051019,1.71368373456,0.070390039234
8,23,0.370814753029,0.276946040915,1.29421818307,0.0664221913015
8,24,0.37536688585,0.341589646346,1.09623271526,0.0653525772873
8,25,0.369792163977,0.421458483394,0.868538111917,0.0665195753724
8,26,0.369344097191,0.257547696419,1.36196202604,0.0699903086097
8,27,0.372903686951,0.247456839342,1.41572323628,0.072136147166
8,28,0.373394084255,0.293310824509,1.24504759676,0.0672736905984
8,29,0.36976610796,0.336278715552,1.09541844059,0.0739221467373
8,30,0.372267161645,0.383902938549,0.968852718979,0.0683228602364
8,31,0.372380513744,0.398490542638,0.931398189921,0.0726982055103
8,32,0.374660402251,0.338789844987,1.10251239534,0.0682284118717
8,33,0.377603222987,0.264875282121,1.36408334579,0.0758141668856
8,34,0.382087505303,0.362799438524,1.0538397052,0.0678066996618
8,35,0.383221414773,0.397283318519,0.962428156561,0.0604719551644
8,36,0.380532557148,0.305964659359,1.22573571735,0.0730417528029
8,37,0.384744485724,0.264264922495,1.39325465648,0.068077373348
8,38,0.384579800348,0.133685678768,2.10575089872,0.0778055655112
8,39,0.387464037705,0.25553973482,1.43901589397,0.0672203435882
8,40,0.394314181544,0.324661814804,1.20885709973,0.0684059620984
8,41,0.393744458986,0.334636324501,1.17451555419,0.0715752771452
8,42,0.393692201229,0.423497319963,0.921713257299,0.0709286079722
8,43,0.394126019025,0.346360563707,1.13875257167,0.0685487174716
8,44,0.400205658938,0.312394749925,1.27049273651,0.0632907988276
8,45,0.401578337758,0.348445405928,1.15555505132,0.0604320464297
8,46,0.398014202029,0.353644405856,1.12829690772,0.0645087158678
8,47,0.401407599355,0.360325135635,1.11828790843,0.0677370645009
8,48,0.40199597258,0.201787630551,1.75630008755,0.0647007012842
8,49,0.399793729157,0.374023200101,1.07267717462,0.0608951452151
8,50,0.40314776029,0.340630329556,1.18548619977,0.0610327867527
8,51,0.401352616793,0.374496565149,1.07586441395,0.0628681298995
8,52,0.400121065375,0.335700309907,1.19164914356,0.0596817824483
8,53,0.39914917901,0.369451230476,1.08418423081,0.0614311964717
8,54,0.399250633575,0.402734146292,0.990538438007,0.0628941535844
8,55,0.398614128193,0.478896306845,0.800502349372,0.0642558759258
8,56,0.395864377717,0.339310124553,1.1663536077,0.0740304712193
8,57,0.395015556743,0.199052790565,1.73786912899,0.0699798961733
8,58,0.394168189377,0.201942392048,1.7183795156,0.0733364780486
8,59,0.389893394115,0.249463697236,1.47411457703,0.0698360279162
8,60,0.396164103846,0.299413657082,1.30240236964,0.0744917073626
8,61,0.391248910146,0.312232574942,1.24040163221,0.0746144324519
8,62,0.398701727117,0.136356064781,2.16682474206,0.0783648518571
8,63,0.393398578926,0.260466760043,1.44199153604,0.0790912911098
8,64,0.397251264755,0.245351199513,1.52197302214,0.0729403859564
8,65,0.392550233626,0.206164488777,1.68869268814,0.0763673086428
8,66,0.396541229738,0.295717796948,1.31717000657,0.0767383852195
8,67,0.393625418864,0.296813031332,1.30277862508,0.0750291108037
8,68,0.394743337948,0.258383230762,1.45592577863,0.076838929183
8,69,0.395294785199,0.262175857843,1.44241556875,0.0684198321798
8,70,0.39404459945,0.256317773949,1.46177407211,0.0751534373985
8,71,0.393875150959,0.252076297061,1.47900823737,0.0722451227088
8,72,0.396478745919,0.298941228744,1.30522691165,0.0689000933695
8,73,0.390474094337,0.343138490439,1.13741851536,0.0733861114555
8,74,0.393653941497,0.306792903177,1.26740726184,0.0650470010619
8,75,0.395739581807,0.364475549164,1.08877777956,0.0648222234414
8,76,0.393736967691,0.242132979498,1.52162914095,0.0644037630854
8,77,0.3955385784,0.258895457814,1.45694965621,0.0674089237713
8,78,0.394778539905,0.394264886347,1.0014008209,0.0672291768517
8,79,0.394660118027,0.351226845627,1.12540478629,0.0681798628313
8,80,0.394520666945,0.206561915573,1.69571296586,0.070130689047
8,81,0.39258914389,0.37892057016,1.03790089885,0.0669347360868
8,82,0.396305940634,0.215552115242,1.65795625719,0.0634915489761
8,83,0.386150354946,0.318872699239,1.20118668027,0.0620961395548
8,84,0.389825206487,0.316801620259,1.22018064031,0.0645185384622
8,85,0.384919503827,0.264468071403,1.39311346644,0.0687045562204
8,86,0.383964402741,0.329353175787,1.16027822697,0.060783933941
8,87,0.385073497398,0.315391402599,1.20917468053,0.0635823420674
8,88,0.384053478809,0.1490967297,1.98872806193,0.0656543759917
8,89,0.380749626731,0.366917313948,1.03832330457,0.0642057701433
8,90,0.38233233206,0.125926862691,2.15510064941,0.0597448171312
8,91,0.377292976606,0.236984410975,1.47708195168,0.0603976975356
8,92,0.376957735467,0.288587590718,1.27380929317,0.0674115433857
8,93,0.373994781801,0.239822187426,1.45179259021,0.07213222322
8,94,0.367278343023,0.200094939558,1.60633650041,0.0716018568153
8,95,0.36943442887,0.147839383073,1.91972622348,0.0740674334767
8,96,0.369615557962,0.357495169245,1.03349930337,0.068315345272
8,97,0.368469757325,0.307454569006,1.18132202974,0.0779497710976
8,98,0.366339516825,0.283924776785,1.25378664494,0.0784973710165
8,99,0.368094892826,0.22538514578,1.4908174352,0.0792809725448
9,0,0.374962853464,0.429292015611,0.862058816445,0.0694332401613
9,1,0.375058590168,0.321286002708,1.15780035719,0.0704708964412
9,2,0.370671392216,0.243680929403,1.42265175616,0.0809892400609
9,3,0.369834495001,0.210748054872,1.56538896753,0.0847948570485
9,4,0.36343587565,0.216469065207,1.51193399238,0.0829702566968
9,5,0.364677096842,0.195741501165,1.61682449257,0.0808348675736
9,6,0.362584589888,0.193014891834,1.62148055064,0.0866172095453
9,7,0.360656306569,0.189630981352,1.63034581273,0.0875357502109
9,8,0.359931182112,0.212804653393,1.51430456792,0.0831470863179
9,9,0.361255469289,0.20474020325,1.55770997073,0.0786313791922
9,10,0.36194248017,0.219063248437,1.49408604362,0.0770315265611
9,11,0.363273276918,0.155928253142,1.83523551125,0.0829610669134
9,12,0.363529646542,0.298510288915,1.19474012905,0.0729117170496
9,13,0.366158984126,0.376972633848,0.971030823952,0.0775295534629
9,14,0.36517769634,0.277536952938,1.27242190872,0.0751867572635
9,15,0.366142794974,0.251338586927,1.37445057352,0.0694963343232
9,16,0.367585603326,0.189955718429,1.65963815565,0.0733829724209
9,17,0.369366160523,0.279524669692,1.27982649468,0.0781448102534
9,18,0.368659597077,0.423498079369,0.861030339554,0.0657688292749
9,19,0.368795224512,0.307062662015,1.18364629848,0.0670949023876
9,20,0.367464806333,0.392884429297,0.933187399973,0.0677228862158
9,21,0.367315765299,0.287205530776,1.24564710299,0.0674334288732
9,22,0.364659443135,0.334884861591,1.08443480989,0.0643913248015
9,23,0.365613967623,0.356227918678,1.02584762961,0.0662296153966
9,24,0.371419169253,0.475404192175,0.75077935556,0.0628023389464
9,25,0.36742112048,0.230041375076,1.46766647,0.0646003288025
9,26,0.368533156624,0.184473666536,1.69325476895,0.0649203507106
9,27,0.369354506084,0.265030053578,1.33324720499,0.0697143961113
9,28,0.368788625633,0.292252514568,1.23318102236,0.0644892629752
9,29,0.369559087209,0.382736491142,0.964803566732,0.0625935225333
9,30,0.370934766572,0.348872883896,1.06182998134,0.0636905100366
9,31,0.370529596971,0.270259291661,1.31783290712,0.0710891372515
9,32,0.369628358824,0.343956119221,1.07232700795,0.0693709563314
9,33,0.369453223767,0.233405152964,1.46121721337,0.077611290575
9,34,0.378923052875,0.261032379842,1.3840480233,0.0727280968092
9,35,0.380001262329,0.285135986109,1.2968314298,0.0620096936266
9,36,0.379872120059,0.299384272352,1.24599820238,0.0688582110471
9,37,0.381690702844,0.242465701735,1.47111337366,0.0663521067374
9,38,0.380346122535,0.277550994101,1.32593939742,0.0704489031554
9,39,0.383883029365,0.210991360819,1.6251408389,0.0709366931692
9,40,0.387452487365,0.348574295629,1.11152295491,0.0757278707109
9,41,0.386207258785,0.274339720842,1.35948471626,0.0722571249736
9,42,0.389594482353,0.282094156056,1.34250877266,0.0703740556418
9,43,0.391674387199,0.21175119012,1.656143035,0.0659426750108
9,44,0.395687539637,0.147410807776,2.06500826291,0.0655162963309
9,45,0.397112470381,0.112598608377,2.36474435495,0.0628813393914
9,46,0.395359904819,0.318000576715,1.23464760551,0.0661005241884
9,47,0.396958573676,0.162472155064,1.96688247038,0.0666276770551
9,48,0.399414623948,0.364183345059,1.10061789315,0.0626225086216
9,49,0.397588219298,0.262461643059,1.45028145825,0.0609971850267
9,50,0.400505569599,0.087044151858,2.6680504288,0.059353887431
9,51,0.398065177888,0.163464191149,1.96621823369,0.0723232184444
9,52,0.397039158498,0.609430200049,0.536126380074,0.0612441718993
9,53,0.39406421413,0.385670016294,1.02312155816,0.0620643334229
9,54,0.394375883544,0.210546991716,1.67450702745,0.064384445402
9,55,0.393094571969,0.286576295728,1.33848528396,0.0618022094237
9,56,0.390660151677,0.227993357355,1.57294564678,0.077084280106
9,57,0.388328088814,0.318734684391,1.20878585786,0.0680370429042
9,58,0.389689247504,0.253450933112,1.4564694298,0.0652191632006
9,59,0.38812153285,0.281291630194,1.34014587382,0.0739465205338
9,60,0.393962252372,0.117621344832,2.29767508505,0.072887719712
9,61,0.388610034734,0.255201686388,1.44491280024,0.0700736951966
9,62,0.395198727963,0.410121984665,0.960074075705,0.0745958900689
9,63,0.39129197643,0.219487987022,1.61617366373,0.073045771268
9,64,0.395716883292,0.257263061036,1.46448083642,0.0740605252433
9,65,0.391791436001,0.268624729212,1.40277905691,0.0804432057743
9,66,0.390667598555,0.25173921712,1.46756485137,0.0799327286811
9,67,0.392169424417,0.300538226363,1.28429653986,0.0732122603182
9,68,0.391614577505,0.279151671397,1.36109987173,0.0741872399306
9,69,0.391832103752,0.221585479767,1.60840188598,0.0749445684382
9,70,0.390711737763,0.336612183531,1.1585879008,0.0801371359118
9,71,0.388984782023,0.272026288419,1.37877124417,0.0689820422466
9,72,0.390489531268,0.369669444912,1.05826735387,0.0703457574233
9,73,0.389613115855,0.300072252156,1.27703231598,0.0747359887003
9,74,0.387407511546,0.336148261825,1.149665817,0.066008596928
9,75,0.387602289415,0.346645385717,1.117831146,0.074152794089
9,76,0.391351478355,0.333350343457,1.17098778983,0.072520410206
9,77,0.391867918984,0.334401262955,1.16927629306,0.072659011817
9,78,0.389838760035,0.262065982236,1.42157919814,0.0754891579142
9,79,0.390131649941,0.502495244617,0.731106215438,0.065907623202
9,80,0.391600183898,0.420038519707,0.925222398843,0.068518693839
9,81,0.392614199169,0.306637528599,1.26436381359,0.0691671332975
9,82,0.388400290679,0.391378975621,0.991921644247,0.0654843030347
9,83,0.386987020398,0.297854994679,1.27574707466,0.0719772867116
9,84,0.38980487483,0.273473440724,1.37622163673,0.0643453310792
9,85,0.38540802907,0.282836039232,1.3245417722,0.0631942379181
9,86,0.384604437885,0.450577355456,0.834319425769,0.0634630784942
9,87,0.378888665957,0.371716024688,1.01969290341,0.0662923389246
9,88,0.380612055066,0.283267229036,1.30579467449,0.0662786232278
9,89,0.376566209103,0.310877399433,1.19627607575,0.0630419843524
9,90,0.375470966909,0.304945525088,1.21238616775,0.0608553133206
9,91,0.373655208607,0.278417346211,1.29886806053,0.0638588787852
9,92,0.368546695041,0.391121556634,0.940441092782,0.0650009368505
9,93,0.369896009918,0.270940731912,1.31303305311,0.0677255412576
9,94,0.369484756497,0.439225319323,0.82634079991,0.0713489945191
9,95,0.366210710579,0.392059054195,0.932105080219,0.07651123019
9,96,0.367035724983,0.318850874772,1.14041326848,0.0740044940418
9,97,0.365983206819,0.258923705979,1.34427484878,0.0799430919082
9,98,0.36363050137,0.276444229512,1.27098114994,0.0766802641414
9,99,0.362304165612,0.279983547905,1.25387626061,0.0740348238971
